Location,Burrito,Date,Neighborhood,Address,URL,Yelp,Google,Chips,Cost,Hunger,Length,Circum,Volume,Tortilla,Temp,Meat,Fillings,Meat:filling,Uniformity,Salsa,Synergy,Wrap,overall,Rec,Reviewer,Notes,Unreliable,NonSD,Beef,Pico,Guac,Cheese,Fries,Sour cream,Pork,Chicken,Shrimp,Fish,Rice,Beans,Lettuce,Tomato,Bell peper,Carrots,Cabbage,Sauce,Salsa,Cilantro,Onion,Taquito,Pineapple,Ham,Chile relleno,Nopales,Lobster,Queso,Egg,Mushroom,Bacon,Sushi,Avocado,Corn,Zucchini
Donato's taco shop,California ,1/18/2016,Miramar,6780 Miramar Rd,http://donatostacoshop.net/,3.5,4.2,,6.49,3,,,,3,5,3,3.5,4,4,4,4,4,3.8,,Scott,good fries: 4/5,,,x,x,x,x,x,,,,,,,,,,,,,,,,,,,,,,,,,,,,,,
Oscar's Mexican food,California ,1/24/2016,San Marcos,225 S Rancho Santa Fe Rd,http://www.yelp.com/biz/oscars-mexican-food-san-marcos,3.5,3.3,,5.45,3.5,,,,2,3.5,2.5,2.5,2,4,3.5,2.5,5,3,,Scott,Fries: 3/5; too little meat,,,x,x,x,x,x,,,,,,,,,,,,,,,,,,,,,,,,,,,,,,
Oscar's Mexican food,Carnitas,1/24/2016,,,,,,,4.85,1.5,,,,3,2,2.5,3,4.5,4,3,3,5,3,,Emily,,,,,x,x,,,,x,,,,,,,,,,,,,,,,,,,,,,,,,,,,
Oscar's Mexican food,Carne asada,1/24/2016,,,,,,,5.25,2,,,,3,2,3.5,3,4,5,4,4,5,3.75,,Ricardo,Go to average burrito place like Rigoberto's in la jolla; Terrible tamales,,,x,x,x,,,,,,,,,,,,,,,,,,,,,,,,,,,,,,,,
Pollos Maria,California,1/27/2016,Carlsbad,3055 Harding St,http://pollosmaria.com/,4,3.8,x,6.59,4,,,,4,5,4,3.5,4.5,5,2.5,4.5,4,4.2,Yes,Scott,,,,x,x,,x,x,,,,,,,,,,,,,,,,,,,,,,,,,,,,,,
Pollos Maria,combo chicken,1/28/2016,,,,,,,6.99,4,,,,3,4,5,3.5,2.5,2.5,2.5,4,1,3.2,,Emily,,,,,,x,x,,x,,x,,,x,x,x,x,,,,,,,,,,,,,,,,,,,,,
Nico's Taco Shop,California,1/30/2016,Carmel Valley,3860 Valley Centre Dr #404,http://www.yelp.com/biz/nicos-taco-shop-san-diego,3,2.9,,7.19,1.5,,,,2,3,3,2,2.5,2.5,,2,3,2.6,No,Scott,not fries. big potatoes,,,x,,,x,x,x,,,,,,,,,,,,,,,,,,,,,,,,,,,,,
Nico's Taco Shop,Carnitas,1/30/2016,,,,,,,6.99,4,,,,2.5,3,3,2.5,3,3.5,,2.5,3,3,,Emily,,,,,x,x,,,,x,,,,,,,,,,,,,,,,,,,,,,,,,,,,
Los Primos Mexican Food,Monster California,2/1/2016,UTC,7770 Regents Rd,http://www.primosmex.com/,3,3.7,x,9.25,3.5,,,,2,4.5,4.5,3.5,1.5,3,3.5,4,2,3.9,,Scott,this tasted really bad leftover. not included in rating,,,x,x,x,x,x,x,,,,,,,,,,,,,,,,,,,,,,,,,,,,,
JV's Mexican Food,Carne Asada,2/6/2016,Morena,1112 Morena Blvd,http://jvsmexfood.com/,4,4.1,,6.25,3.5,,,,2.5,1.5,1.5,3,4.5,3,1.5,2,4.5,2,No,Scott,,,,x,x,x,,,,,,,,,,,,,,,,,,,,,,,,,,,,,,,,
JV's Mexican Food,Surf & Turf,2/6/2016,,,,,,,9.5,2,,,,2.5,2.5,2.75,2.5,2.5,2,0.5,3,3.5,2.5,,Emily,Huge. Shrimp is good. Meat is normal,,,x,,x,,,,,,x,,x,,,,x,,,,,,,,,,,,,,,,,,,,
Tony's Fresh Mexican Food,Chile verde pork,2/11/2016,Miramar,7122 Miramar Rd,https://www.yelp.com/biz/tonys-fresh-mexican-food-san-diego,3,4.1,x,6.95,2,,,,3,4,4,3,4,4,1,2,1,3,,Marc,,,,,x,,,x,,x,,,,x,x,,,,x,,,,,,,,,,,,,,,,,,,
Tony's Fresh Mexican Food,California,2/11/2016,,,,,,,6.25,3.5,,,,3,3.5,3.5,4,2,3.5,1,4,4,3.9,,Scott,,,,x,x,,x,x,,,,,,,,,,,,,,,,,,,,,,,,,,,,,,
Tony's Fresh Mexican Food,battered fish ,2/11/2016,,,,,,,6.99,3,,,,3,1,1.5,2.5,4,4,3,4.5,5,2,,Nicole,,,,,,,,,,,,,x,,,,,,,x,x,,,,,,,,,,,,,,,,,
Tony's Fresh Mexican Food,California,2/11/2016,,,,,,,6.25,3,,,,4,,2,2,4,4,,3,4,2.75,,Cris,"to-go, no guac or sour cream, fries are a small and underdone",,,x,x,,x,x,,,,,,,,,,,,,,,,,,,,,,,,,,,,,,
Taco Stand,California,2/12/2016,La Jolla,621 Pearl St,http://letstaco.com/,4.5,4.4,,7.49,4,,,,3,2.5,4,4,3.5,2.5,3.5,5,4.5,4.2,,Emily,Horchata is very sweet,,,x,x,x,x,x,x,,,,,,,,,,,,,,,,,,,,,,,,,,,,,
Taco Stand,Surf and turf ,2/12/2016,,,,,,,8.49,2.5,,,,4,4,4.5,4,5,4.5,3.5,4,2,4.1,,Scott,,,,x,x,x,,,,,,x,,,,,,,,x,,,,,,,,,,,,,,,,,,
Graciela's Taco Shop,Adobada ,2/14/2016,Bonita,5047 Central Ave,https://www.yelp.com/biz/gracielas-taco-shop-bonita-2,4,4.5,,5.99,3,,,,4,4,3,3.5,4,4.5,4,4,4.5,4,Yes,Scott,Salsa verde spicy,,,,,,,,,x,,,,,x,,,,,,,x,x,x,,,,,,,,,,,,,,
Graciela's Taco Shop,Barbacoa,2/14/2016,,,,,,,5.99,2,,,,3.5,4,3.5,,4,,4,4,1.5,4,,Emily,,,,x,,,,,,,,,,,,,,,,,,,x,x,,,,,,,,,,,,,,
Rigoberto's Taco Shop La Jolla,California,2/17/2016,La Jolla,7345 La Jolla Blvd,https://www.yelp.com/biz/rigobertos-la-jolla-2,2.5,4,,6.4,4,,,,3,4,2.75,3,4,2,2,,5,3,,Leo,,,,x,x,,,x,,,,,,,,,,,,,,,,,,,,,,,,,,,,,,
Rigoberto's Taco Shop La Jolla,California,2/17/2016,,,,,,,6.4,2.5,,,,3.5,3,3,3,4,4,1.5,,4.5,3.5,,Scott,,,,x,x,,,x,,,,,,,,,,,,,,,,,,,,,,,,,,,,,,
Lolita's taco shop,2 in 1,2/24/2016,Kearny Mesa,7305 Clairemont Mesa Blvd,http://lolitasmexicanfood.com/,4,4.4,,8.75,3.5,,,,1.5,2,3,3.5,4,1,3.5,4.5,4,4,Yes,Scott,Rolled tacos need more meat,,,x,,x,x,,,,,,,,,,,,,,,,,,x,,,,,,,,,,,,,
Lolita's taco shop,Adobado,2/24/2016,,,,,,,5.5,2.5,,,,1.5,2.5,3.5,3,4,1.5,2.5,3.5,4.5,3.5,,Emily,Adobado reminds me of Indian food because of some mystery spice,,,,x,x,,,,x,,,,,,,,,,,,,,,,,,,,,,,,,,,,
Taco Stand,California,2/28/2016,,,,,,,7.49,2.5,,,,4,3,4,4,4,4,4,4,3,4.6,Yes,Scott,,,,x,x,x,x,x,x,,,,,,,,,,,,,,,,,,,,,,,,,,,,,
Taco Stand,California,2/28/2016,,,,,,,7.49,2.5,,,,3,2,4.5,4,4,3.5,3,4.5,4.5,4.5,,Emily,,,,x,x,x,x,x,x,,,,,,,,,,,,,,,,,,,,,,,,,,,,,
Lola's 7 Up Market & Deli,Shredded beef,2/29/2016,Carlsbad,3292 Roosevelt St,https://www.yelp.com/biz/lolas-7-up-market-and-deli-carlsbad,4.5,4.9,,6,3.5,,,,2.5,2.5,3,4,4,4,3,3.5,1.5,3.8,,Emily,Food cooks fast but checking out is painfully slow,,,x,x,,x,,,,,,,,x,,,,,,,,,,,,,,,,,,,,,,,
Lola's 7 Up Market & Deli,Carne asada,2/29/2016,,,,,,,7,3.5,,,,2.5,3,3,4,2,2,3,3.5,3.5,3,,Scott,Beans are surprisingly good,,,x,x,x,x,,,,,,,,x,,,,,,,,,,,,,,,,,,,,,,,
Colima's Mexican Food,Hawaiian,3/3/2016,North park,2302 University Ave,https://www.yelp.com/biz/colimas-mexican-food-san-diego,4,4.2,,6.29,3.5,,,,3.5,5,4,4,3.5,4.5,3.5,3.5,4,4,Yes,Scott,,,,,,,x,,,x,,,,,,,,,,,,,,,,x,x,,,,,,,,,,,
Colima's Mexican Food,Bandido,3/3/2016,,,,,,,6.49,4.5,,,,3,5,4,4,5,4,2.5,4.5,4,4,,Sage,,,,x,,,,,,,,,,x,x,,,,,,x,,,,,,,x,,,,,,,,,,
Colima's Mexican Food,Bandido,3/3/2016,,,,,,,6.49,4.5,,,,3,4.5,3.5,3.5,3.5,3,3,3,4,3,,Eli,Promising start but finished poorly,,,x,,,,,,,,,,x,x,,,,,,x,,,,,,,x,,,,,,,,,,
Rigoberto's Taco Shop,Carne asada,3/8/2016,Miramar,7094 Miramar Rd,https://www.yelp.com/biz/rigobertos-taco-shop-san-diego-2,4,4.4,,6.6,3.5,,,,4,2,4,3.5,4.5,4,3.5,4,1,4.25,,Ricardo,,,,x,x,x,,,,,,,,,,,,,,,,,,,,,,,,,,,,,,,,
Rigoberto's Taco Shop,Campeon,3/8/2016,,,,,,,7.65,3.5,,,,3,1.5,3,3,2.5,3,3.5,2.5,4,3.4,,Scott,,,,x,x,x,x,x,x,,,,,,,,,,,,,,,,,,,,,,,,,,,,,
Raul's Mexican food,Chile verde pork,3/11/2016,Encinitas,490 S Coast Hwy 101,https://www.yelp.com/biz/rauls-shack-encinitas,4,4.2,,5,3.5,,,,2,,2.5,2,2,2,2,2.5,,2,,Emily,,,,,,,,,,x,,,,,x,,,,,,,x,,,,,,,,,,,,,,,,
Raul's Mexican food,carne asada,3/11/2016,,,,,,,5,1,,,,2,,1,1,0.5,1,1.5,1,4,1,No,Scott,burrito was mostly tortilla,,,x,x,x,,,,,,,,,,,,,,,,,,,,,,,,,,,,,,,,
El Zarape,California,3/14/2016,University Heights,4642 Park Blvd,https://www.yelp.com/biz/el-zarape-san-diego,4,4.4,x,6.25,0.5,,,,3,5,4,2.75,4,1.6,3.5,3.4,5,3.33333,,Kelsey,,,,x,x,x,x,x,,,,,,,,,,,,,,,,,,,,,,,,,,,,,,
El Zarape,California chicken,3/14/2016,,,,,,,6.25,3,,,,3.5,5,2.5,2.5,4,2.7,3.5,3,5,2.5,,Sage,,,,,x,x,x,x,,,x,,,,,,,,,,,,,,,,,,,,,,,,,,,
El Zarape,Azteca,3/14/2016,,,,,,,6.25,3.75,,,,3,5,5,4.5,4,4,1.5,3,5,3,,Jake,,,,x,x,,x,,,,,,,,x,,,,,,,,,,,,,,x,,,,,,,,,
El Zarape,Lobster,3/14/2016,,,,,,,9.5,3,,,,3,3,4,3,3.5,4.5,3.5,3,3.5,3.2,No,Scott,quite small,,,,,,,,,,,,,,,,x,,,x,x,,,,,,,,,x,,,,,,,,
El Indio,California,3/17/2016,San Diego,3695 India St,http://elindiosandiego.com/,3.5,3.9,,7.84,4,,,,4,4,3.5,4,4.5,4,3.5,3.5,4.5,4,Yes,Scott,,,,x,,x,x,x,,,,,,,,,,,,,,,,,,,,,,,,,,,,,,
Taco stand,Carne asada,3/18/2016,,,,,,,7.89,1,,,,3,3.5,4.5,4,5,5,4.5,3.5,5,4.2,Yes,Scott,,,,x,x,x,,,,,,,,,,,,,,,,,,,,,,,,,,,,,,,,
Taco stand,Al pastor,3/18/2016,,,,,,,6.99,4,,,,4,3,3.5,3,4,5,3,3.5,5,3.5,,Emily,Kind of dry ,,,,,,,,,x,,,,,,,,,,,,,x,x,,x,,,,,,,,,,,,
"Qdoba Mexican Grill, Seatac Airport",Custom,3/19/2016,Seattle,Airport,,,,,9.5,5,,,,3,3,3.5,3,4,1,3,2.5,5,3,,Sage,,x,,,x,x,x,,,x,,,,x,x,x,,,,,,,,,,,,,,,,,,,,,,
Cancun Mexican & Seafood,California,3/20/2016,Encinitas,1766 N Coast Hwy,http://cancunmexicanandseafood.com/,4.5,4.1,x,6.99,4,,,,4,4.5,4,3.5,4,2.5,2,4,4,4.2,,Scott,A bit small,,,x,,,x,x,x,,,,,,,,,,,,,,,,,,,,,,,,,,,,,
Cancun Mexican & Seafood,Machaca,3/20/2016,,,,,,,5.99,3,,,,4,3.5,3.5,4,3.5,3.5,2,3.5,0.5,3.9,,Emily,So hot! Egg is surprisingly good,,,x,,,,,,,,,,,,,,x,,,,,,x,,,,,,,,x,,,,,,
Vallarta express,Quesaburro,3/21/2016,Clairemont,4277 Genesee Ave,http://www.vallartaexpress.com/menu/,3.5,4,,6.95,3.5,,,,3,4,3.5,4,4,4,3.5,4.5,4.5,4.1,,Scott,,,,x,x,x,x,,,,,,,,,,,,,,,,,,,,,,,,,,,,,,,
Vallarta express,Philly ,3/21/2016,,,,,,,6.95,4,,,,3,4.5,4,3,3,2,4,2,4.5,3,,Torben,Guac chips have lots of cheese,,,x,,,x,,,,,,,,,,,x,,,,x,,,,,,,,,,,x,x,,,,
Vallarta express,Carne asada,3/21/2016,,,,,,,6.5,3.5,,,,3.75,5,3,3,4.5,4.5,3.5,3,4.5,3.25,,Ricardo,,,,x,x,x,,,,,,,,,,,,,,,,,,,,,,,,,,,,,,,,
Vallarta express,Quesa,3/21/2016,,,,,,,6.95,4.5,,,,2,5,3.5,4,2.5,5,3.5,2.5,4,3.75,,Alex,Heart-stopping amount of cheese. Second tortilla of cheese,,,x,x,x,x,,,,x,,,,,,,,,,,,,,,,,,,,,,,,,,,
Vallarta express,Surf and turf,3/21/2016,,,,,,,7.65,3,,,,2,4,3,3,4,2,4,2,3,3.5,,Richard,Hot carrots,,,x,,x,,,x,,,x,,x,x,,,,,,,,,,,,,,,,,,,,,,,
Vallarta express,Mahi,3/21/2016,,,,,,,7.3,3,,,,3,4.5,3.5,3,3,2,3.5,2.5,4.5,3.5,,Tom,,,,,,,,,,,,,,,,,,,,,,,,,,,,,,,,,,,,,,
Mikes Taco Club,California,3/23/2016,Ocean Beach,5060 Newport Ave,http://www.mikestacoclub.com/menu/,4.5,4.9,,8.59,2.5,,,,4,4.5,3.5,5,2.5,2,4,4.5,4,4.3,Yes,Scott,,,,x,x,x,x,x,x,,,,,,,,,,,,,,,,,,,,,,,,,,,,,
Mikes Taco Club,California,3/23/2016,,,,,,,8.59,3.5,,,,4.5,4.5,4,4.5,4,4,4,4.5,5,4.5,,Brad,,,,x,x,x,x,x,x,,,,,,,,,,,,,,,,,,,,,,,,,,,,,
La Perla Cocina,Addiction,3/30/2016,Pacific Beach,745 Emerald St,https://www.yelp.com/biz/la-perla-cocina-mexicana-san-diego,4.5,4.7,,7.99,3.5,,,,4,4,2,3,1.5,3,2.5,1,3,2.5,No,Scott,Bland,,,x,x,x,,,,,,,,,x,,,,,,,,,,,,,,,,,,x,,,,,
La Perla Cocina,Oaxacalifornia,3/30/2016,,,,,,,9.99,3,,,,4,4.5,3.5,4,3,2,2.5,3.5,4,4,,Emily,Fries are good,,,x,x,x,x,x,,,,,,,,,,,,,,,,,,,,,,,,,,,,,,
Porkyland ,Deborah's special,4/2/2016,Carmel Valley,4645 Carmel Mountain Rd,http://goporkyland.com/,4,4.4,x,8.25,3.5,,,,4,4.5,3.5,2.5,4.5,4.5,4,3.5,5,4,,Scott,,x,,x,,,,,,,,,,,,,,,,,,,,,,,,,x,,,,,,,,,
Porkyland ,Chicken nopalito,4/2/2016,,,,,,,7.95,2.5,,,,2.5,2.5,4,3.5,3,2.5,3,3,5,3.3,,Emily,,,,,,x,,,,,x,,,,,,,,,,x,,,,,,,,x,,,,,,,,,
Porkyland ,Chicken nopalito,4/2/2016,,,,,,,7.95,2,,,,4,5,4,4,3,5,3,3,5,4,,Tara,,,,,,x,,,,,x,,,,,,,,,,x,,,,,,,,x,,,,,,,,,
Porkyland ,California,4/2/2016,,,,,,,8.75,3,,,,4,5,3,5,3,2,4,3,5,4,,Andy,,,,x,,x,x,x,x,,,,,,,,,,,,,,,,,,,,,,,,,,,,,
Rigoberto's Taco Shop,California ,4/3/2016,,,,,,,6.6,3,,,,3,4.5,4,4.5,4,4.5,4.5,5,4.5,4.5,Yes,Scott,,,,x,,,x,x,,,,,,,,,,,,,x,,,,,,,,,,,,,,,,,
Rigoberto's Taco Shop,Adobada,4/3/2016,,,,,,,6.6,3,,,,4,5,5,5,5,4,,4.5,5,4.5,,Tara,,,,,,x,,,,x,,,,,,,,,,,,,,,,,,,,,,,,,,,,
Rigoberto's Taco Shop,California,4/7/2016,,,,,,,6.6,3,,,,3,5,3.5,3,4.5,2.5,3,4,4,3.6,,Scott,Too much enchilada sauce this time,,,x,,,x,x,,,,,,,,,,,,,x,,,,,,,,,,,,,,,,,
Rigoberto's Taco Shop,Surf & Turf,4/7/2016,,,,,,,7.45,3.5,,,,3,5,3.5,2.5,3,2.5,3.75,3,4,3,,Bankole,Would have enjoyed it more if wasn't rating; shrimp better than meat. Quality of the shrimp really improves the burrito. Well cooked and fresh. Shrimp could have had more flavor,,,x,,,x,,,,,x,,x,,,,,,,,,,,,,,,,,,,,,,,,
Rudy's Taco Shop,Chicken,4/9/2016,Solana Beach,524 Stevens Ave,http://www.rudystacoshop.com/,4,4.3,,6.6,3.5,,,,3.5,3,4,4.5,3,1,3,4,0.5,2.8,No,Scott,"Salsa Fresca is good, way too small",,,,X,X,,,,,X,,,,,,,,,,,,,,,,,,,,,,,,,,,
Rudy's Taco Shop,Carnitas,4/9/2016,,,,,,,6.6,3,,,,3,2.5,3,4,2,1,3,3,5,3,No,Emily,,,,,X,X,,,,X,,,,,,,,,,,,,,,,,,,,,,,,,,,,
Taco stand,Carne asada,4/14/2016,,,,,,,7.89,3.5,,,,3,2,4.5,4,4,1.5,4.5,4.5,4.5,4.4,Yes,Scott,Too small ,,,X,X,X,,,,,,,,,,,,,,,,,,,,,,,,,,,,,,,,
Taco stand,Carne asada,4/14/2016,,,,,,,7.89,2,,,,3,2.5,4.5,3.5,4.5,3,4,3.5,5,3.5,Yes,Richard,A little small. No rice and beans or cheese or sour cream,,,x,x,x,,,,,,,,,,,,,,,,,,,,,,,,,,,,,,,,
California Burritos,California Everything,4/15/2016,Linda Vista,7754 Starling Dr,https://www.yelp.com/biz/california-burritos-san-diego,4.5,4.4,x,6.25,4,,,,4.5,4.5,2.5,3.5,3.5,3.5,3,4,5,4.1,Yes,Scott,,,,x,x,x,x,x,x,,,,,,,,,,,,,,,,,,,,,,,,,,,,,
California Burritos,California Everything,4/15/2016,,,,,,,6.25,3.5,,,,4,4,4,2.5,3,3.5,4,4,5,4,No,Brent,Brent doesn't like fries in his burrito,,,x,x,x,x,x,x,,,,,,,,,,,,,,,,,,,,,,,,,,,,,
California Burritos,California Everything,4/15/2016,,,,,,,6.25,4,,,,4,4.5,4.5,5,5,5,4.5,5,5,4.6,Yes,Luis,,,,x,x,x,x,x,x,,,,,,,,,,,,,,,,,,,,,,,,,,,,,
California Burritos,Chile relleno and carnitas,4/15/2016,,,,,,,6.5,5,,,,4.5,5,5,5,5,4,4,5,5,4.7,Yes,Karl,,x,,,x,,x,,x,x,,,,x,,,,,,,,,,,,,,x,,,,,,,,,,
California Burritos,California (only cheese),4/15/2016,,,,,,,6.25,2,,,,5,5,5,4,4,2,,5,5,5,Yes,Kalen,,x,,x,,,x,x,,,,,,,,,,,,,,,,,,,,,,,,,,,,,,
Vallarta express,Fish,4/15/2016,,,,,,,6.5,2.5,,,,3,,3.5,4,4,3,,4,1.5,3.5,,Erin,,,,,,,,,,,,,,,,,,,,,,,,,,,,,,,,,,,,,,
Vallarta express,California,4/15/2016,,,,,,,6.65,3.5,,,,3.5,,3.5,3.5,4.5,3.5,3.5,4,4,4,,Ricardo,,,,,,,,,,,,,,,,,,,,,,,,,,,,,,,,,,,,,,
Jorge's Mexicatessen,California ,4/24/2016,Encinitas ,267 N El Camino Rea,https://www.yelp.com/biz/jorges-mexicatessen-encinitas,4,4.5,,5.95,3.5,20,22,0.77,2.5,2.5,3.5,4,3,4.5,4,4.5,4.5,3.8,Yes,Scott,"Cheese should be melted, potatoes are very good",,,X,,,X,X,X,,,,,,,,,,,,,,,,,,,,,,,,,,,,,
Jorge's Mexicatessen,Chimichanga beef,4/24/2016,,,,,,,5.5,3,,,,2,4,3,3,3,4,3.5,3.5,,3,No,Emily,,,,X,X,X,X,,X,,,,,X,X,,,,,,X,,,,,,,,,,,,,,,,,
Senor Grubby's,California,4/24/2016,Carlsbad,377 Carlsbad Village Dr,eatgrubbys.com,4,4.1,,9,2,19,21.5,0.7,2,3.5,3,1.5,1,1,2.5,1.5,3.5,1.5,No,Scott,"The ends of the burrito were decent, but the middle was terrible without much meat",,,x,x,,x,x,,,,,,,,,,,,,,,,,,,,,,,,,,,,,,
Senor Grubby's,Pastor,4/24/2016,,,,,,,9,2,18.5,23,0.78,2.5,2.5,1.5,2.5,1,2,2.5,2,5,1.8,No,Emily,,,,,,x,,,,x,,,,,,,,,,,,,x,x,,,,,,,,,,,,,,
Taco stand,California,4/25/2026,,,,,,,8,4,21.59,,,4.5,5,5,5,4.5,5,3,5,5,4.9,Yes,Sage,A wonderful eating experience. best California burrito I've ever had by far. ,,,x,x,x,x,x,,,,,,,,,,,,,,,,,,,,,,,,,,,,,,
Mi Asador Mexican & Seafood ,California ,4/27/2016,Oceanside,4750 Oceanside Blvd,https://sites.google.com/site/miasador/,4.5,4.4,x,6.89,3,25,22,0.96,3,2.5,3,2.5,2.5,2,3.5,3,4,3,No,Scott,,,,X,,X,x,X,X,,,,,,,,,,,,,,,,,,,,,,,,,,,,,
Mi Asador Mexican & Seafood ,El Hawaiiano ,4/27/2016,,,,,,,6.39,3,23,22.5,0.93,4,3,2.5,3.5,3,3,3.5,4,3.5,3.5,Yes,Emily,Pineapple is really good,,,X,,X,X,,X,,,,,,,,,,,,,,,,,X,,,,,,,,,,,,
Sotos Mexican Food,California,5/4/2016,Miramar ,6904 Miramar Rd,https://www.yelp.com/biz/sotos-mexican-food-san-diego,4.5,4.6,x,6.75,3,22.5,23,0.95,4.5,4,3,4,1,3,4.5,3.5,4.5,3.5,Yes,Scott,Fries are good. Too little meat,,,X,,X,X,X,X,,,,,,,,,,,,,,,,,,,,,,,,,,,,,
Sotos Mexican Food,Pastor,5/4/2016,,,,,,,5.99,2,21,22,0.81,4,2,2.5,4,4,3,3.5,4,5,3.2,No,Emily,Free lime. Ingredients chopped finely,,,,,X,,,,X,,,,,,,,,,,,,X,X,,,,,,,,,,,,,,
Taco stand,California,5/6/2016,,,,,,,7.49,3.5,19,22,0.73,3.5,4,4,4,3.5,3,4,4.5,3,4.2,Yes,Scott,Less meat than usual,,,x,x,x,x,x,x,,,,,,,,,,,,,,,,,,,,,,,,,,,,,
Taco stand,California,5/6/2016,,,,,,,7.49,4,16.5,25,0.82,4,3.5,4,4,4.5,5,4.5,5,4.5,4.5,Yes,Ricardo,,,,x,x,x,x,x,x,,,,,,,,,,,,,,,,,,,,,,,,,,,,,
Taco stand,California,5/6/2016,,,,,,,7.49,4,17,25.5,0.88,3,3,4,3.5,3.5,4,3.5,4,2.5,3.7,Yes,Luis,,,,x,x,x,x,x,x,,,,,,,,,,,,,,,,,,,,,,,,,,,,,
Taco stand,California,5/6/2016,,,,,,,7.49,3,17.7,21.5,0.65,4,2,5,5,1,3,5,4,3,4,Yes,Elynn,,,,x,x,x,x,x,x,,,,,,,,,,,,,,,,,,,,,,,,,,,,,
Taco stand,California,5/6/2016,,,,,,,7.49,1,20,23.5,0.88,4,3,4,4.5,5,4.5,3,4.5,4,4,Yes,Sandra,,,,x,x,x,x,x,x,,,,,,,,,,,,,,,,,,,,,,,,,,,,,
Taco stand,Carne asada,5/6/2016,,,,,,,7.89,4,18,25,0.9,4,2,4,3,4,4,4,3.5,4,3.5,Yes,Brent,,,,x,x,x,,,,,,,,,,,,,,,,,,,,,,,,,,,,,,,,
Taco stand,Shrimp,5/6/2016,,,,,,,8.95,5,17,22,0.65,4,4,5,5,5,4,5,5,5,5,Yes,Sankeerth,,x,,,,,,,,,,,,,,,,,,,,,,,,,,,,,,,,,,,,
Vallarta express,California,5/9/2016,,,,,,,6.95,4,21,23,0.88,3,3.5,2,3.5,3,2.5,2.5,2.5,2,2.9,No,Scott,,,,,,,,,,,,,,,,,,,,,,,,,,,,,,,,,,,,,,
Lolita's taco shop,California,5/12/2016,,,,,,,7,3.5,17.5,24.5,0.84,3,5,3,3.5,3,1.5,3,3,4,3.3,No,Scott,,,,x,,,x,x,x,,,,,,,,,,,,,,,,,,,,,,,,,,,,,
Lolita's taco shop,2 in 1,5/12/2016,,,,,,,8.75,3,19,21.5,0.7,3,4,2.7,4.7,3,2.4,2,3.7,4.5,3.7,Yes,Bankole,,,,x,,x,x,,,,,,,,,,,,,,,,,,x,,,,,,,,,,,,,
Lolita's taco shop,2 in 1,5/12/2016,,,,,,,8.75,4,17.78,22.225,0.7,4.5,3.8,3.8,4.5,3.4,1.5,3,3.8,4,3.8,Yes,Katie,,,,x,,x,x,,,,,,,,,,,,,,,,,,x,,,,,,,,,,,,,
Rigoberto's Taco Shop,El Rusio,5/13/2016,,,,,,,6.65,4,21.5,23,0.91,3,4.5,2.5,2,3.5,5,1.5,2,1.5,2.5,No,Scott,Fries are terrible. Burrito leaked,,,x,x,,x,x,,,,,,,,,,,,,,,,,,,,,,,,,,,,,,
Rigoberto's Taco Shop,Carne asada,5/13/2016,,,,,,,6.6,4,22,22,0.85,4,3.5,4,4,3.5,4,4,4.5,4.5,4,Yes,Ricardo,,,,x,x,x,,,,,,,,,,,,,,,,,,,,,,,,,,,,,,,,
Rigoberto's Taco Shop,Carne asada,5/13/2016,,,,,,,6.6,4.5,23,22,0.89,4,3,3,3,3.5,3,,3.5,4.5,3,Yes,Erin,Meat was too salty,,,x,x,x,,,,,,,,,,,,,,,,,,,,,,,,,,,,,,,,
Rigoberto's Taco Shop,Carnitas,5/13/2016,,,,,,,7.5,4,23.5,22.5,0.95,4,5,4,5,5,4,5,4,4,4,Yes,Elynn,,,,,x,x,,,,x,,,,,,,,,,,,,,,,,,,,,,,,,,,,
Rigoberto's Taco Shop,Bacon breakfast,5/13/2016,,,,,,,6.25,3.5,22,22,0.85,4,3.5,4,4,5,5,,5,4.5,4.2,Yes,Luis,,,,,,,x,x,,,,,,,,,,,,,,,,,,,,,,,,x,,x,,,,
Rigoberto's Taco Shop,Chile Relleno,5/13/2016,,,,,,,6.6,5,23,24,1.05,5,4,,5,5,4,,5,3,4.5,Yes,Matteo,,x,,,,,x,,x,,,,,,,x,,,,,x,,,,,,,x,,,,,,,,,,
Rigoberto's Taco Shop,Fish,5/13/2016,,,,,,,6,2,23,23.5,1.01,5,4.5,5,5,5,5,,5,4,5,Yes,Aga,,x,,,,,,,,,,,x,,,x,x,,,,,,x,x,,,,,,,,,,,,,,
Karina's Taco Shop ,Bomb,5/15/2016,Encinitas ,916 N Coast Hwy 101,https://www.yelp.com/biz/karinas-taco-shop-encinitas,4,4.2,,7.99,3,25.5,23,1.07,4,4,4,3.5,2.5,3.5,4,3.5,2.5,3.7,Yes,Scott,,,,X,,X,X,X,X,,,,,,,,,,,,,,,,X,,,,,,,,,,,,,
Karina's Taco Shop ,California ,5/15/2016,,,,,,,6.99,2.5,21.5,22.125,0.84,3.5,4,3.5,3.5,3,1,4,4,4.5,3.8,Yes,Emily,,,,X,,,X,X,X,,,,,,,,,,,,,,,,,,,,,,,,,,,,,
Juanita's Taco Shop,California ,5/18/2016,Encinitas ,290 N Coast Hwy 101,https://www.yelp.com/biz/juanitas-taco-shop-encinitas,4,4.5,,5.55,3.5,17.5,23,0.74,4,4.5,3,3,5,3,4,3,5,3.5,Yes,Scott,,,,X,,,X,X,X,,,,,,,,,,,,,,,,,,,,,,,,,,,,,
Juanita's Taco Shop,Arizona,5/18/2016,,,,,,,5.55,2.5,20.5,22.5,0.83,4.5,4,3.5,4,3.5,4,3,4,5,3.9,Yes,Emily,,,,X,X,X,,x,,,,,,,,,,,,,,,,,,,,,,,,,,,,,,
Goody's,Custom,5/20/2016,La Jolla,Marshall College,https://www.yelp.com/biz/goodys-place-and-market-la-jolla,3.5,4.1,,7.25,3.5,18.5,22.5,0.75,1.5,1,2,2,2,2,2,2,1,1.8,No,Scott,Grocery store tortilla; cold guac,,,x,x,x,x,,,,,,,x,x,,,,,,,x,,,,,,,,,,,,,,,,
Pedro's Tacos,California Burrito,5/22/2016,Oceanside,,,,,,6.5,5,,,,3,,4,5,4,4,,5,5,5,Yes,Erika N,,x,,,,,,,,,,,,,,,,,,,,,,,,,,,,,,,,,,,,
Los Primos Mexican Food,619 Burrito Original,5/16/2016,,,,,,x,11.75,4,,,,3,,4,5,4,4,5,4,3,4,Yes,Sai G,,x,,x,,,,x,,,,,,,,,,,,,x,,,,,,,,,,,,,,,,,
Kotija Jr.,Fish,5/20/2016,,,,,,,6.5,4,,,,3,,4,4,5,4,4,5,4,5,Yes,Jonathan G,Great fish burrito. Not fishy and has great crunch from both cabbage and fried fish. Super generous with amount of fish given,x,,,,,,,,,,,x,,,,,,,x,x,,,,,,,,,,,,,,,,,
La Perla Cocina,California,5/16/2016,,,,,,,6.5,5,,,,4,,4,4,5,4,4,4,5,4,Yes,Laya,A LOT of carne asada!,x,,x,x,x,x,x,x,,,,,,,,,,,,,,,,,,,,,,,,,,,,,
Goody's,Custom,5/16/2011,La Jolla,,,,,,8,4,,,,3,,2,3,2,3,2,3,2,2,No,Albert N,"The price has gone up for the past two years. I would probably rate this lower because of it, but my scores were on raw taste only.",x,,x,x,x,,,x,,,,,,,x,,,,,,,,,,,,,,,,,,,,,,
Goody's,Custom,5/20/2016,La Jolla,,,,,,8,3,,,,3,,1,2,2,2,2,2,1,2,No,Brittany T,It's gone downhill since 2013. Expensive and only ate it because there's nothing else around. closes early. skimping on the portions.,x,,,,,x,,x,,x,,,,x,x,,,,,,x,,,,,,,,,,,,,,,,
Chipotle,Custom,5/22/2016,,,,,,,7,3.5,,,,3,,5,3,3,4,4,4,4,4,Yes,Gurkirat S,,x,,,,,,,,,,,,,,,,,,,,,,,,,,,,,,,,,,,,
Rigoberto's Taco Shop,Al pastor,4/20/2015,,,,,,,,4,,,,5,,5,5,5,4,5,5,5,4.8,Yes,Erica,,x,,,,,,,,,,,,,,,,,,,,,,,,,,,,,,,,,,,,
Taco Surf PB,California,5/23/2016,Pacific Beach,4657 Mission Blvd,https://www.yelp.com/biz/taco-surf-taco-shop-san-diego,4,4.6,,7.14,3.5,20,23,0.84,4,2,4,5,4,2,4,4.5,5,4.4,Yes,Scott,not too much rice,,,x,,x,x,x,x,,,,,x,,,,,,,,,,,,,,,,,,,,,,,,
Taco Surf PB,California,5/23/2016,,,,,,,7.14,5,20.5,24,0.94,4,2,4.5,4,3.5,2,3,4,4,4.1,Yes,Sage,hashbrowns instead of fries; anterior-posterior uniformity is good but medial-lateral is bad,,,x,,x,x,x,x,,,,,x,,,,,,,,,,,,,,,,,,,,,,,,
Taco Surf PB,Carne asada,5/23/2016,,,,,,,6.02,3.2,19.5,20.5,0.65,4.5,2,3.3,3.4,4.5,4.5,3.8,3.7,5,3.7,Yes,Dan,one hot side and one cold side from the guac,,,x,,x,,,,,,,,,,,,,,,,,,,,,,,,,,,,,,,,
Roberto's Very Mexican Food,Chicken asada,5/24/2016,Del Mar,2206 Carmel Valley Road,https://www.yelp.com/biz/robertos-very-mexican-food-del-mar-2,3.5,3.9,,6.5,2,18.5,21.5,0.68,1.5,4,2,2,4.5,1,1,2,5,1.5,No,Scott,,,,,x,x,,,,,x,,,,,,,,,,,,,,,,,,,,,,,,,,,
Roberto's Very Mexican Food,Carnitas,5/24/2016,,,,,,,5.4,3,18,20,0.57,2,3.5,4,2.5,3.5,1.5,1.5,3,5,2.7,No,Emily,,,,,x,x,,,,x,,,,,,,,,,,,,,,,,,,,,,,,,,,,
Netos Mexican Food,California ,5/26/2016,San Marcos,325 S Rancho Santa Fe Rd,https://www.yelp.com/biz/netos-mexican-food-san-marcos,4.5,4.1,x,5.99,4,20.5,23.5,0.9,4.5,5,3,4,2,2,2,3.75,4,3.2,Yes,Scott,not 100% certain about the ingredients (was there guac and pico?),,,x,x,x,x,x,x,,,,,,,,,,,,,,,,,,,,,,,,,,,,,
Netos Mexican Food,Carne adobada ,5/26/2016,,,,,,,5.5,3,20.75,23.5,0.91,3.5,4,3.5,3,3.5,3.5,2.5,3,2.5,3,Yes,Emily,"Best free chips, novel burrito",,,x,x,x,,,,,,,,,,,,,,,,,,,,x,,,,,,,,,,,,
Lolita's Taco shop,Carne asada,5/27/2016,,,,,,,6.25,4,15,20.5,0.5,1.5,2.5,3,4.5,4,2,2.75,3.75,3,2.6,No,Scott,Way too small,,,X,X,X,,,,,,,,,,,,,,,,,,,,,,,,,,,,,,,,
Lolita's Taco shop,Shrimp,5/27/2016,,,,,,,8.95,3.5,18.5,25,0.92,3,3,4,4,3.5,3.5,2.5,4,0.5,3,Yes,Emily,,,,,X,,,,,,,X,,,,X,,,,,X,,,,,,,,,,,,,,,,,
Lolita's Taco shop,Bean and cheese,5/27/2016,,,,,,,3.5,1,16,20,0.51,3.5,4.5,,3,,4,3,2.5,4,2.7,No,Scott,,,,,,,x,,,,,,,,x,,,,,,,,,,,,,,,,,,,,,,,
Pokirrito,Pokirrito classic ,5/29/2016,Kearny Mesa,4646 Convoy St,https://www.yelp.com/biz/pokirrito-san-diego-2,4,4.3,x,11.95,4,18,23.5,0.79,3.5,4,4,4.5,2.5,2.5,3,4,2,4.2,Yes,Scott,Lotus chips add good crunch,x,,,,,,,,,,,,,,,,,,,,,,,,,,,,,,,,,x,,,
Pokirrito,Mauna Lani,5/29/2016,,,,,,,11.95,3,20,22.75,0.82,3,4,4,4,3,2.5,4.5,4,1.5,4,Yes,Emily,,x,,,,,,,,,,,,,,,,,,,,,,,,,,,,,,,,,x,,,
Los Primos Mexican Food,California,5/29/2016,,,,,,,7.5,4,,,,3,5,3.5,3.5,4,4,2.5,3,5,3.5,Yes,Sage,,,,,x,,x,x,,,x,,,,,,x,,,,,,,,,,,,,,,,,,,,,
El Nopalito ,Especial ,6/1/2016,Encinitas,582 Santa Fe Dr,https://www.yelp.com/biz/el-nopalito-encinitas,4,4,x,4.87,2,19,23.5,0.83,3,4,1.5,2,3,5,3,2.5,5,2.6,No,Scott,"It's pretty good for what it is, but just not the best ingredients for a burrito. also Few white people",,,X,,X,X,,,,,,,X,X,X,X,,,,,,,,,,,,,,,,,,,,,
El Nopalito ,Ranchero steak,6/1/2016,,,,,,,4.87,2.5,19.5,20.5,0.65,3.5,3,2.5,2.4,3.5,4.5,3,3,1.5,2.6,No,Emily,,,,,,,,,,,,,,,,,,,,,,,,,,,,,,,,,,,,,,
Goody's,Carne Asada,5/21/2016,,,,,,,6.25,4.5,,,,3.5,3,2,2,2.5,3,2,1.5,1,2,No,Kevin,"Sucks, but it is okay.",x,,,,,,,,,,,,,,,,,,,,,,,,,,,,,,,,,,,,
Saguaro's ,Vegetarian,6/20/2016,,,,,,,5.25,4,,,,4,5,,5,4,4,5,5,5,4.8,Yes,Brian,"Great rice and beans burrito, doesn't come with cheese or sour cream. ",x,,,,,,,,,,,,,,,,,,,,,,,,,,,,,,,,,,,,
Colima's ,Colimas burrito,5/31/2016,,,,,,x,8.25,4,,,,5,5,5,5,5,5,,5,4.5,4.9,Yes,Brian,,x,,,,,,,,,,,,,,,,,,,,,,,,,,,,,,,,,,,,
"Alberto's 623 N Escondido Blvd, Escondido, CA 92025",Carne Asada,5/5/2016,,,,,,,4.59,4,17,21,0.6,4,4,5,5,5,5,5,5,4,4.8,Yes,Chuck K,,x,,,,,,,,,,,,,,,,,,,,,,,,,,,,,,,,,,,,
MXN on Washington,Bean and rice grande size,5/20/2016,,,,,,,2.99,3,,,,4.5,3.5,,4.5,,3.5,3,4,4,4.5,Yes,Sarah,Got green and hot salsa put inside the burrito-drive thru,x,,,,,,,,,,,,,,,,,,,,,,,,,,,,,,,,,,,,
El Zarape,Surf and Turf,5/19/2016,,,,,,,7,2.5,,,,5,5,5,5,5,5,5,5,5,5,Yes,Damien B,Get the green sauce,x,,,,,,,,,,,,,,,,,,,,,,,,,,,,,,,,,,,,
Lolita's,Bean and Cheese,5/19/2016,,,,,,,,4.3,,,,3.8,4,,4.7,,5,,4.7,5,4.8,Yes,,,x,,,,,,,,,,,,,,,,,,,,,,,,,,,,,,,,,,,,
Humbertos,Pollo california,5/27/2016,,,,,,,6,5,,,,4,5,5,5,5,4,5,5,5,5,Yes,Logan,,x,,,,,,,,,,,,,,,,,,,,,,,,,,,,,,,,,,,,
Chili Peppers,Surf & Turf,5/28/2016,,,,,,,9.43,,,,,4,5,5,5,5,5,5,5,5,5,Yes,Chris H,,x,,,,,,,,,,,,,,,,,,,,,,,,,,,,,,,,,,,,
Los Primos Mexican Food,Monster California,6/3/2016,,,,,,,9.25,3.5,25.5,24,1.17,2,1,3,3,1,,3,2,4,2.3,No,Scott,,,,X,X,X,X,X,X,,,,,,,,,,,,,,,,,,,,,,,,,,,,,
Los Primos Mexican Food,California,6/3/2016,,,,,,,7,3,20,22,0.77,4.5,4,3.5,4,1,1,2,2,4,2.5,No,Ricardo,,,,X,X,X,X,X,,,,,,,,,,,,,,,,,,,,,,,,,,,,,,
Los Primos Mexican Food,California breakfast,6/3/2016,,,,,,,6.25,2.5,18.5,22.5,0.75,3,4,3,2,1.5,1,3,1.5,3,2,No,Erin,,,,x,,,x,x,x,,,,,,,,,,,,,,,,,,,,,,,x,,,,,,
Los Primos Mexican Food,Baja monster,6/3/2016,,,,,,,6,4,,,,3,3,1,4,2,2,3,2,1,2,No,Elynn,,,,,x,x,,,,x,,,,,x,,,,,,,,,,,,,,,,,,,,,,,
Los Primos Mexican Food,Baja monster,6/3/2016,,,,,,,6,3,,,,4,3.5,4,4,2,4,4,4,3,3.8,Yes,Rob,,,,,x,x,,,,x,,,,,x,,,,,,,,,,,,,,,,,,,,,,,
Los Primos Mexican Food,Carnitas,6/3/2016,,,,,,,6.35,4.5,18,20.5,0.6,4,4,2.5,2,3,2,2,2,3,2,No,Matteo,,,,,,x,,,,x,,,,,,,,,,,,,,,,,,,,,,,,,,,,
Los tacos ,Local,6/5/2016,Oceanside,2183 Vista Way,https://www.yelp.com/biz/los-tacos-oceanside,4,4.2,,7.9,3.5,20.5,21.5,0.75,3.5,4.5,4.5,4,1.5,1.5,3,4,5,3.5,Yes,Scott,,,,,X,,X,X,,X,,,,,,,,,,,,,,,,X,,,,,,,,,,,,
Los tacos ,Fusion,6/5/2016,,,,,,,8.5,3.5,18.5,21,0.65,4,4,4,3.5,4,4,4,4.5,4.5,4.2,Yes,Emily,,,,X,,X,X,,,X,,,,,,,,,,,,,X,X,,,,,,,,,,,,,,
Taco Stand,Al pastor,6/6/2016,,,,,,,6.99,3.5,18.5,21,0.65,4,3.5,4,3.5,4,5,2.5,4,4.5,3.9,Yes,Scott,,,,,,,,,,x,,,,,,,,,,,x,,x,x,,x,,,,,,,,,,,,
Taco Stand,Al pastor,6/6/2016,,,,,,,6.99,5,,,,4,4,4,4,2,3,3,4,3,3.5,Yes,Brad P,,,,,,,,,,x,,,,,,,,,,,x,,x,x,,x,,,,,,,,,,,,
Albertacos,California ,6/8/2016,San Marcos,500 W San Marcos Blvd # 103,https://www.yelp.com/biz/albertacos-san-marcos,3.5,3.9,,5.7,3.5,20.5,21.5,0.75,3.5,3,3,4,1.5,4,4,4,4,3.7,Yes,Scott,,,,X,X,X,X,X,X,,,,,,,,,,,,,,,,,,,,,,,,,,,,,
Albertacos,Carne asada,6/8/2016,,,,,,,5.25,4,21,21,0.74,3.5,3,2.8,3.5,4,4,4,3.5,5,3.2,Yes,Emily,,,,X,X,X,,,,,,,,,,,,,,,,,,,,,,,,,,,,,,,,
El Rey Moro,California Surf,6/9/2016,Clairemont,4471 Clairemont Mesa Blvd,https://www.yelp.com/biz/el-rey-moro-taco-shop-san-diego,4,3.8,,9.19,2.8,20.5,23.5,0.9,3.5,4.5,4,3.5,5,4.5,3,3.5,5,4,Yes,Scott,shrimp is really good. too much chipotle sauce,,,X,,X,X,X,,,,X,,,,,,,,,X,,,,,,,,,,,,,,,,,
Tacos por favor,Carne asada,6/11/2016,Santa Monica,1408 Olympic Blvd,https://www.yelp.com/biz/el-dorado-mexican-food-temecula,4,4.1,x,7.85,3,16.5,20.5,0.55,3,4.5,4.5,3.5,3.5,3.5,1,4,1,3.5,Yes,Scott,,,x,X,X,X,,,,,,,,X,X,,,,,,,,,,,,,,,,,,,,,,,
Tacos por favor,Al pastor,6/11/2016,,,,,,,6.85,4,15.5,21,0.54,3,5,4,3,5,4,3,4,3,4,Yes,Christian,,,x,,X,,,,,x,,,,X,X,,,,,,,,,,,,,,,,,,,,,,,
Tacos por favor,Carne asada,6/11/2016,,,,,,,6.85,4,18,,,4,5,3.5,3,4,4,3,3,3,3.5,,Sam H,,,x,X,X,,,,,,,,,X,X,,,,,,,,,,,,,,,,,,,,,,,
El dorado Mexican food,California,6/16/2016,Temecula,29000 Old Town Front St,https://www.yelp.com/biz/el-dorado-mexican-food-temecula,4.5,4,,6.94,4,,,,4,4,4,4.5,3.2,3,4.5,4.5,2,4.5,Yes,Scott,Salsa verde has an interesting hint of garlic,,x,X,,X,X,X,X,,,,,,,,,,,,,,,,,,,,,,,,,,,,,
El dorado Mexican food,Super,6/16/2016,,,,,,,6.94,3.75,,,,3.5,3.5,3.5,3.5,4,4,4.5,3.5,4.5,3.8,Yes,Emily,,,x,X,,X,X,,X,,,,,,,,,,,,,X,,,,,,,,,,,,,,,,
Lolita's Taco Shop,California,6/23/2016,,,,,,,7,2.2,18,25,0.9,2.8,3,3,2,2,4.5,2,1.5,4.5,2.3,No,Scott,,,,x,,,x,x,x,,,,,,,,,,,,,,,,,,,,,,,,,,,,,
Lolita's Taco Shop,California,6/23/2016,,,,,,,7,3.5,18,23.5,0.79,4,4,4,3,4,5,4,4,5,4,Yes,Cris,,,,x,,,x,x,x,,,,,,,,,,,,,,,,,,,,,,,,,,,,,
Lolita's Taco Shop,California,6/23/2016,,,,,,,7,3,19,24,0.87,3.5,2,3,4,2,4,3,3,4,3,,Matt,,,,x,,x,x,x,x,,,,,,,,,,,,,,,,,,,,,,,,,,,,,
Lolita's Taco Shop,Mixed,6/23/2016,,,,,,,8.25,4,,,,4,3,4,4,4,5,3,4,5,3.5,Yes,Marc,,,,x,,x,x,,,,,,,,x,,,,,,,,,,,,,,,,,,,,,,,
California Burritos,California Everything,6/24/2016,,,,,,,6.25,3,23.5,21.5,0.86,3.8,1.3,3.5,3.5,4.5,4.5,3.5,4,5,3.9,Yes,Scott,Temperature brought it down,,,x,x,x,x,x,,,,,,,,,,,,,,,,,,,,,,,,,,,,,,
California Burritos,California Everything,6/24/2016,,,,,,,6.25,4.5,22.5,22,0.87,4,4,4.5,4,4,3.5,4,4,4.5,4.25,Yes,Ricardo,,,,x,x,x,x,x,,,,,,,,,,,,,,,,,,,,,,,,,,,,,,
California Burritos,California Everything,6/24/2016,,,,,,,6.25,4,22.5,22,0.87,3,2.5,4,4,4,2,2,3,4,4,Yes,Elynn,,,,x,x,x,x,x,,,,,,,,,,,,,,,,,,,,,,,,,,,,,,
California Burritos,California Everything,6/24/2016,,,,,,,6.25,3,23,22.5,0.93,5,4,4,4.5,4,4.5,,4,4,4.5,Yes,Erin,,,,x,x,x,x,x,,,,,,,,,,,,,,,,,,,,,,,,,,,,,,
California Burritos,California Everything,6/24/2016,,,,,,,6.25,4,,,,4,3.5,4.5,4,4.5,4,4.5,4.5,5,4.5,Yes,Luis,,,,x,x,x,x,x,,,,,,,,,,,,,,,,,,,,,,,,,,,,,,
California Burritos,Carnitas,6/24/2016,,,,,,,5.5,4.5,21.5,20,0.68,5,4,5,4,4.5,4,4,4.5,4,4.5,Yes,Matteo,,,,,,x,,,,x,,,,,,,,,,,,,,,,,,,,,,,,,,,,
California Burritos,Carne asada everything,6/24/2016,,,,,,,6.25,3,23,23,0.97,4,3,4,3,4,3,3,4,4,4,Yes,Brent,,,,x,x,x,x,,x,,,,,,,,,,,,,,,,,,,,,,,,,,,,,
California Burritos,Carne asada everything,6/24/2016,,,,,,,6.25,4.5,21.5,20.5,0.72,4,5,4.5,4,4.5,4,3,4,5,4.5,Yes,Daniel,,,,x,x,x,x,,x,,,,,,,,,,,,,,,,,,,,,,,,,,,,,
California Burritos,Carne asada everything,6/24/2016,,,,,,,6.25,5,23,21.5,0.85,4,3,5,4,4,4,5,5,3,4.2,Yes,Alejandro,,,,x,x,x,x,,x,,,,,,,,,,,,,,,,,,,,,,,,,,,,,
California Burritos,California Everything,8/1/2016,,,,,,,6.25,4,22,20.8,0.76,4,4,3.5,4,3,4,4,3.5,4.5,3.75,Yes,Ricardo,,,,x,x,x,x,x,,,,,,,,,,,,,,,,,,,,,,,,,,,,,,
California Burritos,California Everything,8/1/2016,,,,,,,6.25,4,22.5,21.5,0.83,3,2,4,5,4,4,3,4,3,4,Yes,Elynn,,,,x,x,x,x,x,,,,,,,,,,,,,,,,,,,,,,,,,,,,,,
California Burritos,California Everything,8/1/2016,,,,,,,6.25,4,23,21.5,0.85,4,3.5,3.5,4,3.5,4,3.5,4,4.5,4,Yes,Matteo,,,,x,x,x,x,x,,,,,,,,,,,,,,,,,,,,,,,,,,,,,,
California Burritos,California Everything,8/1/2016,,,,,,,6.25,3.5,21,22.5,0.85,3.5,2,3,3.5,3.5,2.5,2.5,3.5,4.5,3.4,Yes,Scott,,,,x,x,x,x,x,,,,,,,,,,,,,,,,,,,,,,,,,,,,,,
California Burritos,California Everything,8/1/2016,,,,,,,6.25,3,22.5,21,0.79,4,4,4.5,5,4.75,5,4,4.5,4.5,,Yes,Aga,,,,x,x,x,x,x,,,,,,,,,,,,,,,,,,,,,,,,,,,,,,
California Burritos,Surf & Turf,8/1/2016,,,,,,,7,4.31,,,,3,2.5,3.5,3,3.5,4,3,3,4,,Yes,Hannah,,,,,,,,,,,,,,,,,,,,,,,,,,,,,,,,,,,,,,
California Burritos,Carne asada everything,8/1/2016,,,,,,,6.25,4.5,22,20,0.7,4.5,4,4,4.5,4,4,4.5,4.5,4,4,Yes,Brent,,,,x,x,x,x,,x,,,,,,,,,,,,,,,,,,,,,,,,,,,,,
Los Primos Mexican Food,Surf & Turf,8/6/2016,,,,,,,7,2.5,20.5,21.75,0.77,4,4,2,3,2,3.5,3,3,4.5,2.5,No,Emily,,,,X,,,X,,,,,,,,,,,X,,,,,,X,,,,,,,,,,,,,,
Los Primos Mexican Food,Adobada,8/6/2016,,,,,,,6.25,2,20.5,20,0.65,4,2.5,2.5,3,2,4,3.5,3,4.5,2.6,No,Scott,,,,,,,,,,,,,,,,,,,,,,,,,,,,,,,,,,,,,,
Los Primos Mexican Food,Carne asada,8/6/2016,,,,,,,7,4,18.5,20.5,0.62,3.5,3,2,2,1,3,3.5,1.5,4,2,No,Ricardo,,,,,,,,,,,,,,,,,,,,,,,,,,,,,,,,,,,,,,
Papa Chito's Mexican Food,California,8/9/2016,University City,3951 Governor Dr,https://www.yelp.com/biz/papa-chitos-mexican-food-san-diego,2.5,3.3,,6.25,3.5,21.5,20,0.68,3.5,3.5,2.5,2.5,2.5,4,2,1.5,5,2.2,No,Scott,,,,x,x,,x,x,,,,,,,,,,,,,,,,,,,,,,,,,,,,,,
Papa Chito's Mexican Food,California,8/9/2016,,,,,,,6.25,4,20,20,0.64,4,5,3,3,4,3.5,4,4,5,3.75,Yes,Sage,,,,x,x,,x,x,,,,,,,,,,,,,,,,,,,,,,,,,,,,,,
El Pueblo Mexican Food,California,8/10/2016,Cardiff ,820 Birmingham Dr,https://www.yelp.com/biz/el-pueblo-authentic-mexican-food-cardiff-by-the-sea,4,4.7,,4.99,4,19,21,0.67,4.5,4.5,3.5,4,4.5,5,2.5,4.5,5,4.3,Yes,Scott,,,,x,x,,x,x,,,,,,,,,,,,,,,,,,,,,,,,,,,,,,
Burros and Fries,California,8/12/2016,Clairemont,4705 Clairemont Dr,http://www.burrosandfries.com/,3.5,4.1,,6.89,4,21.5,22.5,0.87,3.5,4.5,3.5,3.5,3,1.5,2.5,3.5,5,3.5,Yes,Scott,good fries,,,x,x,,x,x,x,,,,,,,,,,,,,,,,,,,,,,,,,,,,,
Burros and Fries,Carne asada,8/12/2016,,,,,,,6.89,5,18.5,21,0.65,3,5,4.5,4.5,3,4,4.5,4,4.5,4,Yes,Brent,very little guac,,,x,x,x,,,,,,,,,,,,,,,,,,,,,,,,,,,,,,,,
King Burrito,Adobada,8/16/2016,Oceanside,3490 Marron Rd,https://www.yelp.com/biz/king-burrito-oceanside-2,4,3.9,,4.99,3.5,23,19,0.66,3,3,3,3,2.5,2,2.5,3,4,2.8,No,Emily,Too much tortilla per bite,,,,X,X,,,,X,,,,,,,,,,,,,,,,,,,,,,,,,,,,
King Burrito,California,8/16/2016,,,,,,,5.29,3.5,22.5,20.5,0.75,2.5,4.5,2,3,2.5,1.5,3,2,4.5,2.5,No,Scott,it does taste homemade. but that's not a good thing,,,x,x,,x,x,,,,,,,,,,,,,,,,,,,,,,,,,,,,,,
Taco Stand,California ,8/17/2016,,,,,,,7.49,2,18.5,21.5,0.68,4,5,4.5,3.5,3.5,2,3.5,4,5,4,Yes,Scott,,,,x,x,x,x,x,x,,,,,,,,,,,,,,,,,,,,,,,,,,,,,
Taco Stand,California ,8/17/2016,,,,,,,7.49,2.5,16.5,23.5,0.73,3.5,5,4,3,4,4.5,3,3.5,5,4,Yes,TJ,,,,x,x,x,x,x,x,,,,,,,,,,,,,,,,,,,,,,,,,,,,,
Carmen's Mexican Food,Adobada,8/19/2016,Clairemont,4937 Diane Ave,https://www.yelp.com/biz/carmens-authentic-mexican-food-san-diego,4,4.2,,6.5,3.5,20.5,20.5,0.69,2.5,4,3.5,4,4,3,1.5,3.5,5,3.6,Yes,Scott,really good guac,,,,,x,,,,x,,,,,x,,,,,,,,x,x,,,,,,,,,,,,,,
Carmen's Mexican Food,Carne asada,8/19/2016,,,,,,,6.5,5,21,21,0.74,4.5,4.5,3.5,4,4,3.5,4,4,4,4,Yes,Brent,,,,x,x,x,,,,,,,,,,,,,,,,,,,,,,,,,,,,,,,,
Senor Panchos,Pollo asado,8/21/2016,San Marcos,1909 W San Marcos Blvd,https://www.yelp.com/biz/senor-panchos-mexican-restaurant-san-marcos,4,4.2,,6.25,3.5,21.5,19.5,0.65,2.5,3.5,3,3,5,4.5,3.5,2,5,2.9,No,Scott,"guac is good, very avocado-y",,,,,,,,,,,,,,,,,,,,,,,,,,,,,,,,,,,,,
Senor Panchos,California,8/21/2016,,,,,,,6.25,3,21,19.5,0.64,3,4,4,3,3.5,4.5,4,4,5,4,Yes,Emily,feels very dense; a lot of meat,,,,,,,,,,,,,,,,,,,,,,,,,,,,,,,,,,,,,
Los Cabos,California,8/27/2016,San Marcos,165 S Rancho Santa Fe Rd,https://www.yelp.com/biz/los-cabos-san-marcos,4,4.1,x,5.99,4,18.5,21,0.65,4,4.5,2.5,2.5,2.5,1.5,3,4,5,3,No,Scott,Repeatedly get large bites of sour cream,,,X,,,X,X,X,,,,,,,,,,,,,,,,,,,,,,,,,,,,,
Los Cabos,Al pastor,8/27/2016,,,,,,,5.69,3,17.5,23.5,0.77,4,4.5,3,3.5,4,3.5,2.5,4,4.5,4,Yes,Emily,Really good with lime,,,,,X,,,,X,,,,,,,,,,,,,X,X,,,,,,,,,,,,,,
Rubios UCSD,Tilapia one,8/30/2016,UTC,9500 Gilman Dr,https://www.yelp.com/biz/rubios-la-jolla-4,3.5,3.4,x,7.99,3.5,17,20,0.54,1.5,4,3,3,1.5,4.5,2.5,3,1.5,3.2,No,Scott,,,,,,X,,,,,,,X,X,,,,,,X,,,,,,,,,,,,,,,,,x,
Lucha Libre North Park,Surf & Turf,8/30/2016,North Park,3016 University Ave,https://www.yelp.com/biz/lucha-libre-san-diego,3.5,4.3,x,8.25,4,19,22.5,0.77,3,2.5,3,3,3,3,3.5,3,3,3,Yes,Hannah,,,,x,x,,,,,,,x,,x,,,,,,,x,,,,,,,,,,,,,,,x,,
Lucha Libre North Park,Surf & Turf,8/30/2016,,,,,,,8.25,3,19,24,0.87,5,3,5,4,2,2,5,2,2,2,No,Tammy,,,,x,x,,,,,,,x,,x,,,,,,,x,,,,,,,,,,,,,,,x,,
Lucha Libre North Park,Surf & Turf,8/30/2016,,,,,,,8.25,3.9,,,,2.1,1.9,2.6,2.4,2.9,3.2,4,2.5,3,2.4,No,Bankole,Not as good as the first time,,,x,x,,,,,,,x,,x,,,,,,,x,,,,,,,,,,,,,,,x,,
Lucha Libre North Park,Surf & Turf,8/30/2016,,,,,,,8.25,4,20,22,0.77,3,2.5,2,2.8,3.5,3.5,4,3,4,2.2,,Melissa N,,,,x,x,,,,,,,x,,x,,,,,,,x,,,,,,,,,,,,,,,x,,
Lucha Libre North Park,Surf & Turf,8/30/2016,,,,,,,8.25,3.5,20,22,0.77,3.6,3.2,3.2,3.5,3.6,3.5,,3.8,3.9,3.6,,Katie,,,,x,x,,,,,,,x,,x,,,,,,,x,,,,,,,,,,,,,,,x,,
Lucha Libre North Park,Surfin California,8/30/2016,,,,,,,8.25,3,21,24.5,1,3,3,4,3.5,3,2,3.5,3.5,4,3.9,Yes,Emily,thick chips,,,x,x,,x,x,,,,x,,,,,,,,,x,,,,,,,,,,,,,,,x,,
Lucha Libre North Park,Surfin California,8/30/2016,,,,,,,8.25,4,18.5,25.5,0.96,3.5,2,4,3,5,5,4,4,5,3.5,,Melissa G,Good guac,,,x,x,,x,x,,,,x,,,,,,,,,x,,,,,,,,,,,,,,,x,,
Lucha Libre North Park,Surfin California,8/30/2016,,,,,,,8.25,4,,,,4,3,3,3,3,2,3,3,4,3,Yes,Marc,"shrimp was questionable; salsa was mediocre to bad; overall ok, better than past burritos at lucha libre",,,x,x,,x,x,,,,x,,,,,,,,,x,,,,,,,,,,,,,,,x,,
Lucha Libre North Park,Surfin California,8/30/2016,,,,,,,8.25,1,,,,3,2,4,3,5,5,4,3.5,5,3.5,,Ashley G,good guac but fries could be better,,,x,x,,x,x,,,,x,,,,,,,,,x,,,,,,,,,,,,,,,x,,
Lucha Libre North Park,Surfin California,8/30/2016,,,,,,,8.25,2,20,24.5,0.96,3.5,2,5,3.5,4,2.5,3.5,3,3.5,3.5,Yes,Richard,probably positively biased by service,,,x,x,,x,x,,,,x,,,,,,,,,x,,,,,,,,,,,,,,,x,,
Lucha Libre North Park,Surfin California,8/30/2016,,,,,,,8.25,3,19,24,0.87,5,4,4,4,3,3,4,4,4,4,Yes,Mike,,,,x,x,,x,x,,,,x,,,,,,,,,x,,,,,,,,,,,,,,,x,,
Lucha Libre North Park,Surfin California,8/30/2016,,,,,,,8.25,1,19.5,25.5,1.01,4,3,3.5,3,5,4,2,3,4,3,,Sankha G,,,,x,x,,x,x,,,,x,,,,,,,,,x,,,,,,,,,,,,,,,x,,
Lucha Libre North Park,Nutty,8/30/2016,,,,,,,7.5,3.8,19,25,0.94,3.8,4,4,4,4,4,4.5,4.5,4.5,4.4,,Luis,,,,,,,x,x,x,,x,,,x,,,,,,,x,,,,,,,,,,,,,,,,,
Lucha Libre North Park,Veg Out,8/30/2016,,,,,,,6.95,3,19,23,0.8,5,5,,5,,5,4.5,5,3,4.5,Yes,Aga,,,,,,,,,,,,,,,x,x,,x,,,x,,,,,,,,,,,,x,,,x,,x
Lucha Libre North Park,Veggie,8/30/2016,,,,,,,5.25,3,19.5,25.5,1.01,4.5,4.5,,3.5,,3,4,3.5,5,3.25,Yes,Rob G,,,,,x,,,x,,,,,,x,x,x,,,,,,,,,,,,,,,,,,,,,,
Lucha Libre North Park,Bean and cheese,8/30/2016,,,,,,,3.75,5,18,22,0.69,4,3,,1,,3,3,2,3,2,No,Meghan,Bland,,,,,,x,,,,,,,,x,,,,,,,,,,,,,,,,,,,,,,,
Lucha Libre North Park,California - Steak,8/30/2016,,,,,,,7.5,2.5,19,23.5,0.83,3,3,5,3.5,3,3.5,4.5,4,4.5,3.9,Yes,Scott,"first bite sour cream, but probably the best steak I've had in a burrito",,,x,x,,x,x,x,,,,,,,,,,,,,,,,,,,,,,,,,,,,,
Lucha Libre North Park,California - Steak,8/30/2016,,,,,,,7.5,5,17,23,0.72,3.5,3,2,3,3,2,4,2.5,5,3.5,,Devleena,fries = 4,,,x,x,,x,x,x,,,,,,,,,,,,,,,,,,,,,,,,,,,,,
Lucha Libre North Park,California - Pork Adobada,8/30/2016,,,,,,,7.5,4,18,24.5,0.86,2,3,3,3,4,3,4,3,5,3,Yes,Erik,,,,,x,,x,x,x,x,,,,,,,,,,,,,,,,,,,,,,,,,,,,
Lucha Libre North Park,California - Pork Adobada,8/30/2016,,,,,,,7.5,4.5,18,26,0.97,3.5,4,4.5,4,3.5,3.5,4,4,4.5,4.25,Yes,Ricardo,,,,,x,,x,x,x,x,,,,,,,,,,,,,,,,,,,,,,,,,,,,
Lucha Libre North Park,California - Pork Adobada,8/30/2016,,,,,,,7.5,2,19,25,0.94,4,5,5,4,4.5,4.5,5,4.5,4,4.5,Yes,Erin,,,,,x,,x,x,x,x,,,,,,,,,,,,,,,,,,,,,,,,,,,,
Lucha Libre North Park,California - Chicken,8/30/2016,,,,,,,7.5,4,20,23.5,0.88,3.5,2.5,3,4.5,3,2,5,4.5,3.5,2.5,Yes,Kelsey,,,,,x,x,x,x,x,,x,,,,,,,,,,,,,,,,,,,,,,,,,,,
Lucha Libre North Park,California - Chicken,8/30/2016,,,,,,,7.5,3,20,22,0.77,3.5,5,3.5,4,3,3,4,2.5,5,3,No,Javier,"large, bt feels good in my hands",,,,x,,x,x,x,,x,,,,,,,,,,,,,,,,,,,,,,,,,,,
Lucha Libre North Park,Holy Moly,8/30/2016,,,,,,,7.5,5,,,,3.5,2,3.5,3.5,3,4,2,2,4,3.5,,Sam A,,,,,,,x,,x,,x,,,x,,,,,,,x,,,,,,,,,,,,,,,,,
Lucha Libre North Park,Holy Moly,8/30/2016,,,,,,,7.5,3,17,21,0.6,2.5,2.5,3,2,2,1,5,1,5,1.5,No,Sage,all meat at bottom 1/8th,,,,,,x,,x,,x,,,x,,,,,,,x,,,,,,,,,,,,,,,,,
Lucha Libre North Park,Holy Moly,8/30/2016,,,,,,,7.5,4,17.5,21.2,0.63,5,3,5,5,3,2,2,3,5,4,Yes,Aaron S,,,,,,,x,,x,,x,,,x,,,,,,,x,,,,,,,,,,,,,,,,,
Lucha Libre North Park,Holy Moly,8/30/2016,,,,,,,7.5,5,19,21,0.67,5,4,2,1,4,3,5,4,2,2,,Jaeyoung,Ordered a specialty burrito and guess I was expecting an ordinary one! Sauce was good but overpowering; no veggies at all; overall just did not feel like a burrito.,,,,,,x,,x,,x,,,x,,,,,,,x,,,,,,,,,,,,,,,,,
Lucha Libre North Park,Holy Moly,8/30/2016,,,,,,,7.5,4.5,19.5,19,0.56,4,4,3.5,4.5,4,4,5,4.5,4,4,Yes,Matteo,,,,,,,x,,x,,x,,,x,,,,,,,x,,,,,,,,,,,,,,,,,
Tacos La Bala,Pastor,9/5/2016,Houston,5800 Bellaire Blvd,tacoslabala.com,4.5,4.1,,4.99,3.5,,,,2.5,2.5,4,2.5,1,1,2,4,0,2.5,No,Scott,Everything is in spanish. Get a taco or sope,,X,,,,,,,,,,,,,,,,,,,,,,,,,,,,,,,,,,,
Tacos La Bala,Barbacoa ,9/5/2016,,,,,,,4.99,2.5,16.5,22,0.64,2,2.5,3.5,2,3,2.5,2,2.5,2.5,2.4,No,Emily,"Burritos cut in half, felt like a wrap instead of a burrito",,X,,,,,,,,,,,,,,,,,,,,,,,,,,,,,,,,,,,
Cancun Mexican & Seafood,Adobada,9/9/2016,,,,,,,6.45,3,19.5,21.5,0.72,4,5,3.5,3,3.5,3.5,4,2.5,4,3.5,Yes,Scott,Free salad,,,,,X,,,,X,,,,,,,,,,,,,X,X,,,,,,,,,,,,,,
Cancun Mexican & Seafood,California,9/9/2016,,,,,,,6.99,4,19.5,22,0.75,3,4.5,4,4,3.5,3,4,4,5,4,Yes,Emily,,,,X,,,X,X,X,,,,,,,,,,,,,,,,,,,,,,,,,,,,,
Roberto's Taco Shop Clairemont,California,9/11/2016,Clairemont,3095 Clairemont Dr,https://www.yelp.com/biz/robertos-taco-shop-clairemont-san-diego,4,4,,5.79,4,,,,3,4.5,4,4,4,5,2.5,3,5,3.6,Yes,Scott,Fries are really good but the overall flavor is plain because lack of ingredients,,,x,,,x,x,,,,,,,,,,,,,,,,,,,,,,,,,,,,,,
Roberto's Taco Shop Clairemont,California,9/11/2016,,,,,,,5.79,4,,,,4,3,4,2.5,3.5,4,2,2.5,5,3,No,Benni,,,,x,,,x,x,,,,,,,,,,,,,,,,,,,,,,,,,,,,,,
Roberto's Taco Shop Clairemont,California + Guac + sour cream,9/11/2016,,,,,,,7.29,3.7,,,,3.8,4.7,4,3.5,4.5,4,4,4.5,5,4,Yes,Luis,,,,x,,x,x,x,x,,,,,,,,,,,,,,,,,,,,,,,,,,,,,
Roberto's Taco Shop Clairemont,Carne asada,9/11/2016,,,,,,,5.69,3,,,,4,3,1.5,3,4,4.5,3.5,2,4.5,3,No,Ricardo,,,,x,,x,,,,,,,,,,,,,,,,,,,,,,,,,,,,,,,,
Chipotle,Carnitas,9/13/2016,Carlsbad,2505 Palomar airport Rd,https://www.yelp.com/biz/chipotle-mexican-grill-carlsbad,3,4.2,,7.15,4,16.5,26.5,0.92,2.5,2.5,3,2.8,2.5,3.5,,3,3.5,2.75,Yes,Emily,,,,,X,,,,X,X,,,,X,X,,,X,,,,,,,,,,,,,,,,,,,X,
Taco Stand,Al Pastor,9/16/2016,,,,,,,6.99,4,,,,4.5,4,4.5,4.5,4.5,4.5,4.5,5,4,4.5,Yes,Mike,,,,,,,,,,,,,,,,,,,,,,,,,,,,,,,,,,,,,,
Taco Stand,California,9/16/2016,,,,,,,7.49,4.1,,,,4,4.5,4.5,4.5,4.7,4.5,4.2,4.5,5,4.7,Yes,Luis,,,,,,,,,,,,,,,,,,,,,,,,,,,,,,,,,,,,,,
Los Tacos,California ,9/18/2016,,,,,,,7.9,3.5,20.5,23,0.86,4,5,4,4,3,4,3.5,4,4,4.2,Yes,Scott,Tortilla is burnt a bit but good. Pick is good,,,,,,,,,,,,,,,,,,,,,,,,,,,,,,,,,,,,,
Los Tacos,Local,9/18/2016,,,,,,,7.9,3.5,22,23,0.93,4,3.5,4.5,4.5,3.5,3.5,3.5,4,3,4.3,Yes,Emily,Melted cheese is good. Cilantro is fresh,,,,,,,,,,,,,,,,,,,,,,,,,,,,,,,,,,,,,
El Cuervo,California ,9/22/2016,Hillcrest,110 Washington St,https://www.yelp.com/biz/el-cuervo-taco-shop-san-diego,4,4.3,,6.95,3.5,20,21.5,0.74,3.5,3.5,3,4,3,3,4.5,3.5,2,3.6,Yes,Scott,Alfajores dessert and horchata are super good,,,X,X,X,X,X,X,,,,,,,,,,,,,,,,,,,,,,,,,,,,,
El Cuervo,Pollo adobado,9/22/2016,,,,,,,5.95,4,20.5,20,0.65,3.5,5,4.5,3.5,4,4.5,4.5,4,5,4,Yes,Richard,First burrito I enjoyed from top to bottom,,,,,X,,,,X,,,,,,,,,,,,,,,,,,,,,,,,,,,,
El Torrito Foods,Asada,9/25/2016,Vista,249 Emerald Dr,https://www.yelp.com/biz/el-torito-foods-vista-2,4,4.4,,5.49,4,23.5,19,0.68,3,5,3,3,2.5,4,3.5,3,5,3.1,Yes,Scott,Good because so cheap,,,X,,,,,,,,,,X,X,,,,,,,,X,X,,,,,,,,,,,,,,
El Torrito Foods,Adobada,9/25/2016,,,,,,,3.99,4.5,22.5,19.5,0.68,3.5,4,3,2.5,2.8,4,2.5,2.5,5,2.6,No,Emily,tamale isn't good,,,,,,,,,X,,,,X,X,,,,,,,,X,X,,,,,,,,,,,,,,